customerID,gender,SeniorCitizen,tenure,PhoneService,InternetService,MonthlyCharges,TotalCharges,Churn
CUST00001,Female,0,0,No,Fiber optic,63.96,,No
CUST00002,Female,0,28,No,Fiber optic,37.17,1314.07,No
CUST00003,Female,0,55,Yes,DSL,40.39,2764.25,No
CUST00004,Male,0,35,Yes,DSL,67.48,2297.6,No
CUST00005,Female,0,68,No,No,88.55,6700.86,No
CUST00006,Male,0,10,Yes,DSL,103.79,1038.98,Yes
CUST00007,Female,0,26,Yes,Fiber optic,38.93,1224.63,Yes
CUST00008,Male,0,38,No,Fiber optic,71.41,2550.82,No
CUST00009,Female,0,26,Yes,DSL,28.67,656.98,No
CUST00010,Male,1,6,Yes,Fiber optic,83.06,506.94,Yes
CUST00011,Female,0,28,No,DSL,76.44,2137.71,No
CUST00012,Female,0,27,No,Fiber optic,47.44,1276.91,No
CUST00013,Female,0,55,No,No,35.3,1449.68,No
CUST00014,Female,0,36,Yes,DSL,89.57,3347.03,No
CUST00015,Female,0,8,No,DSL,98.49,736.78,Yes
CUST00016,Male,0,62,Yes,DSL,61.18,3578.54,No
CUST00017,Male,0,43,Yes,Fiber optic,96.96,4441.26,Yes
CUST00018,Male,0,40,No,No,72.61,3176.86,No
CUST00019,Female,0,2,Yes,No,61.51,,No
CUST00020,Female,0,0,No,No,86.43,,No
CUST00021,Male,0,2,No,DSL,61.55,124.19,No
CUST00022,Male,0,56,Yes,DSL,98.31,5882.78,No
CUST00023,Male,0,24,Yes,Fiber optic,99.96,2419.67,Yes
CUST00024,Female,1,0,No,DSL,97.1,,Yes
CUST00025,Female,0,22,No,No,97.98,2311.06,No
CUST00026,Male,0,24,Yes,Fiber optic,75.4,2042.38,No
CUST00027,Female,0,5,Yes,No,94.73,451.38,Yes
CUST00028,Female,0,51,Yes,No,97.38,5272.47,No
CUST00029,Female,0,12,Yes,No,61.01,652.09,No
CUST00030,Female,0,61,No,Fiber optic,39.41,1836.53,Yes
CUST00031,Male,0,66,No,DSL,62.1,4728.09,No
CUST00032,Female,1,21,No,Fiber optic,62.09,1268.48,Yes
CUST00033,Female,0,48,No,DSL,29.99,1110.1,No
CUST00034,Male,0,0,No,DSL,90.82,,Yes
CUST00035,Male,0,43,No,DSL,83.84,3899.34,No
CUST00036,Female,1,3,No,DSL,78.67,252.09,No
CUST00037,Female,1,0,Yes,DSL,80.48,,No
CUST00038,Female,0,0,No,Fiber optic,66.81,,No
CUST00039,Female,1,42,Yes,Fiber optic,55.57,2648.4,Yes
CUST00040,Female,0,8,Yes,Fiber optic,101.55,740.08,Yes
CUST00041,Male,1,14,Yes,DSL,83.8,1167.23,No
CUST00042,Male,0,3,Yes,DSL,83.88,225.85,No
CUST00043,Male,0,43,No,Fiber optic,44.09,1723.85,Yes
CUST00044,Female,0,60,No,DSL,98.6,,No
CUST00045,Male,0,23,Yes,Fiber optic,98.78,2175.87,No
CUST00046,Female,1,45,Yes,No,54.72,2276.4,Yes
CUST00047,Female,0,4,Yes,Fiber optic,100.03,376.12,No
CUST00048,Female,0,46,Yes,DSL,51.5,2405.85,No
CUST00049,Male,0,71,Yes,Fiber optic,21.53,1014.45,No
CUST00050,Male,1,12,No,DSL,31.39,367.49,No
CUST00051,Female,0,21,No,DSL,54.85,1345.51,No
CUST00052,Female,1,17,No,DSL,78.44,1298.71,No
CUST00053,Female,1,71,No,No,26.13,1145.66,Yes
CUST00054,Female,0,30,No,DSL,85.17,2309.22,No
CUST00055,Female,1,7,No,Fiber optic,64.34,510.74,No
CUST00056,Male,0,8,Yes,No,104.04,880.73,No
CUST00057,Male,0,33,Yes,DSL,91.19,2772.94,No
CUST00058,Female,0,3,Yes,DSL,92.84,255.72,Yes
CUST00059,Female,0,28,No,Fiber optic,88.0,2312.96,No
CUST00060,Male,0,35,No,DSL,96.04,3619.2,No
CUST00061,Male,0,51,Yes,Fiber optic,39.73,1556.0,Yes
CUST00062,Female,0,58,Yes,Fiber optic,22.6,1353.31,No
CUST00063,Male,0,12,Yes,DSL,69.31,948.26,No
CUST00064,Male,0,29,Yes,No,72.74,2140.65,No
CUST00065,Female,1,22,Yes,DSL,36.08,861.67,No
CUST00066,Male,0,10,No,Fiber optic,80.57,778.36,Yes
CUST00067,Male,0,31,No,Fiber optic,62.98,2053.3,Yes
CUST00068,Male,1,2,No,Fiber optic,76.53,,No
CUST00069,Female,1,30,No,Fiber optic,97.04,2662.84,Yes
CUST00070,Female,0,37,Yes,Fiber optic,47.96,1797.26,Yes
CUST00071,Male,0,62,Yes,DSL,59.02,4007.38,No
CUST00072,Male,0,22,Yes,Fiber optic,88.74,1974.63,No
CUST00073,Male,1,4,No,No,78.89,303.28,Yes
CUST00074,Female,0,7,Yes,Fiber optic,62.3,372.96,No
CUST00075,Female,0,24,No,Fiber optic,33.2,873.14,No
CUST00076,Female,0,9,Yes,DSL,90.45,745.14,Yes
CUST00077,Male,0,30,No,No,62.49,1748.62,No
CUST00078,Male,1,35,No,DSL,89.06,,No
CUST00079,Female,0,69,Yes,Fiber optic,69.66,4364.9,Yes
CUST00080,Female,1,68,No,DSL,20.18,1669.9,No
CUST00081,Male,0,5,No,DSL,98.59,512.8,Yes
CUST00082,Female,0,18,No,DSL,23.94,293.77,No
CUST00083,Female,0,9,No,DSL,74.05,731.87,Yes
CUST00084,Male,0,21,Yes,Fiber optic,87.35,1709.79,No
CUST00085,Female,0,12,No,Fiber optic,53.54,567.4,Yes
CUST00086,Male,0,38,Yes,No,92.98,3670.23,No
CUST00087,Male,1,21,Yes,Fiber optic,95.75,1906.6,No
CUST00088,Female,0,2,Yes,DSL,105.29,225.82,Yes
CUST00089,Female,0,17,No,Fiber optic,54.97,935.4,Yes
CUST00090,Male,0,37,Yes,Fiber optic,43.0,1644.35,No
CUST00091,Female,0,72,No,No,59.06,4584.83,No
CUST00092,Female,0,30,Yes,DSL,23.12,506.77,No
CUST00093,Male,0,63,No,Fiber optic,50.02,3629.37,No
CUST00094,Female,0,72,Yes,DSL,99.83,6812.15,No
CUST00095,Male,0,11,Yes,Fiber optic,90.12,930.74,Yes
CUST00096,Female,0,39,Yes,DSL,62.34,2309.63,No
CUST00097,Female,0,10,Yes,Fiber optic,60.46,652.68,Yes
CUST00098,Male,0,3,No,DSL,63.5,164.13,No
CUST00099,Female,0,8,Yes,Fiber optic,104.05,873.62,No
CUST00100,Male,1,3,No,DSL,69.26,227.81,Yes
CUST00101,Male,0,26,Yes,Fiber optic,49.4,1134.69,No
CUST00102,Male,0,8,No,Fiber optic,104.23,821.53,Yes
CUST00103,Male,0,66,No,DSL,30.62,1751.21,No
CUST00104,Male,0,15,Yes,Fiber optic,74.27,,No
CUST00105,Female,0,61,No,No,53.77,2881.9,No
CUST00106,Male,0,53,No,DSL,39.32,2536.4,No
CUST00107,Female,0,11,No,DSL,83.07,830.53,No
CUST00108,Female,0,68,Yes,Fiber optic,32.48,1893.86,No
CUST00109,Female,0,7,No,DSL,104.53,725.37,No
CUST00110,Female,0,28,No,DSL,79.48,2320.16,No
CUST00111,Male,1,52,Yes,DSL,52.32,2613.25,Yes
CUST00112,Female,0,46,No,Fiber optic,71.87,,No
CUST00113,Male,0,19,Yes,Fiber optic,69.86,1464.7,No
CUST00114,Female,0,50,Yes,Fiber optic,83.43,4419.82,No
CUST00115,Male,0,49,Yes,No,34.57,1455.04,No
CUST00116,Male,0,9,Yes,Fiber optic,104.92,891.44,No
CUST00117,Male,0,9,Yes,DSL,88.21,846.11,No
CUST00118,Male,0,33,No,No,86.76,2549.47,No
CUST00119,Female,1,5,No,DSL,100.3,524.91,Yes
CUST00120,Male,0,7,Yes,Fiber optic,106.69,784.9,No
CUST00121,Female,0,1,Yes,DSL,98.08,90.25,Yes
CUST00122,Female,1,45,No,Fiber optic,38.82,1355.46,Yes
CUST00123,Male,0,12,No,No,97.6,1054.11,No
CUST00124,Male,0,3,No,Fiber optic,105.95,342.52,Yes
CUST00125,Male,0,18,No,Fiber optic,45.97,741.31,No
CUST00126,Male,0,34,No,Fiber optic,58.08,1871.13,No
CUST00127,Female,0,22,Yes,Fiber optic,35.76,754.9,Yes
CUST00128,Male,0,3,No,Fiber optic,100.49,305.77,Yes
CUST00129,Male,0,64,Yes,Fiber optic,87.42,6088.36,No
CUST00130,Male,0,27,No,No,27.63,819.86,No
CUST00131,Female,0,53,No,Fiber optic,66.49,3007.76,No
CUST00132,Male,0,13,Yes,Fiber optic,23.9,228.88,No
CUST00133,Male,0,68,No,DSL,34.67,2887.14,No
CUST00134,Male,0,37,No,DSL,32.33,885.16,No
CUST00135,Female,0,4,Yes,DSL,90.88,336.82,Yes
CUST00136,Female,0,60,No,No,56.89,2855.57,No
CUST00137,Female,0,18,No,DSL,42.11,765.03,No
CUST00138,Female,0,64,Yes,DSL,20.19,1535.68,No
CUST00139,Male,0,48,No,No,75.6,3910.31,No
CUST00140,Female,1,63,Yes,DSL,95.14,5555.63,No
CUST00141,Female,0,18,No,Fiber optic,74.35,1166.64,No
CUST00142,Female,0,5,Yes,No,72.69,313.61,Yes
CUST00143,Male,1,38,No,No,76.94,2574.49,No
CUST00144,Male,0,16,Yes,DSL,49.7,941.83,No
CUST00145,Male,0,30,No,Fiber optic,84.2,2634.55,No
CUST00146,Female,0,36,No,Fiber optic,65.78,2639.78,No
CUST00147,Male,0,55,No,DSL,70.25,3567.87,No
CUST00148,Male,1,6,Yes,DSL,87.7,562.19,No
CUST00149,Female,0,30,Yes,DSL,52.45,1708.07,No
CUST00150,Female,0,1,No,DSL,107.81,104.47,Yes
CUST00151,Female,1,55,Yes,DSL,75.49,4568.63,No
CUST00152,Female,1,32,No,No,92.75,2782.65,Yes
CUST00153,Female,0,47,No,Fiber optic,34.13,1785.89,No
CUST00154,Male,0,6,Yes,Fiber optic,62.21,392.79,No
CUST00155,Female,0,48,Yes,Fiber optic,82.0,3671.6,Yes
CUST00156,Female,0,42,No,Fiber optic,43.66,2039.68,Yes
CUST00157,Female,0,21,No,DSL,25.6,620.99,No
CUST00158,Female,0,62,Yes,Fiber optic,41.35,,No
CUST00159,Female,0,54,Yes,DSL,44.12,2880.71,No
CUST00160,Male,0,27,No,Fiber optic,57.58,1610.61,No
CUST00161,Female,0,36,No,Fiber optic,25.64,741.62,Yes
CUST00162,Female,0,60,No,Fiber optic,92.14,5373.9,No
CUST00163,Male,0,46,No,DSL,29.62,1816.44,No
CUST00164,Female,0,43,Yes,Fiber optic,69.25,3210.76,No
CUST00165,Male,1,4,Yes,DSL,71.86,310.89,Yes
CUST00166,Female,0,11,No,DSL,67.95,820.05,No
CUST00167,Female,1,42,Yes,Fiber optic,26.68,1463.09,No
CUST00168,Female,1,0,No,No,65.75,,No
CUST00169,Female,1,72,Yes,Fiber optic,58.33,4803.57,No
CUST00170,Female,1,21,Yes,No,85.76,1799.33,Yes
CUST00171,Female,0,8,No,No,109.41,857.02,Yes
CUST00172,Female,1,54,No,DSL,52.04,2407.18,No
CUST00173,Female,0,33,Yes,Fiber optic,88.9,3011.32,Yes
CUST00174,Female,1,20,Yes,Fiber optic,20.43,263.41,No
CUST00175,Male,0,47,Yes,DSL,77.59,3515.17,No
CUST00176,Male,0,4,No,Fiber optic,82.76,370.4,Yes
CUST00177,Female,0,5,Yes,DSL,76.89,401.51,No
CUST00178,Female,0,55,No,DSL,22.44,1106.83,No
CUST00179,Male,1,0,Yes,DSL,61.07,,No
CUST00180,Male,1,2,Yes,Fiber optic,90.08,,Yes
CUST00181,Female,0,64,Yes,DSL,85.28,5814.48,No
CUST00182,Male,0,6,No,Fiber optic,89.1,484.77,No
CUST00183,Female,0,72,Yes,Fiber optic,22.96,2220.92,No
CUST00184,Female,1,42,Yes,No,20.4,942.0,Yes
CUST00185,Male,0,7,Yes,DSL,84.0,525.55,Yes
CUST00186,Female,0,7,No,Fiber optic,65.38,482.46,No
CUST00187,Male,0,67,No,Fiber optic,52.45,3882.02,No
CUST00188,Male,0,53,Yes,DSL,33.38,1799.39,No
CUST00189,Male,1,9,Yes,Fiber optic,78.5,678.57,Yes
CUST00190,Male,1,4,No,Fiber optic,69.31,307.08,Yes
CUST00191,Female,1,60,Yes,No,92.63,5371.13,No
CUST00192,Female,1,18,Yes,DSL,30.71,522.04,Yes
CUST00193,Male,0,24,Yes,Fiber optic,20.92,607.17,No
CUST00194,Male,0,57,Yes,Fiber optic,67.66,3929.89,Yes
CUST00195,Female,0,8,Yes,No,63.57,461.79,No
CUST00196,Female,0,7,Yes,DSL,68.78,497.94,No
CUST00197,Male,0,42,Yes,Fiber optic,46.6,1887.06,Yes
CUST00198,Female,1,11,Yes,No,72.66,762.7,Yes
CUST00199,Female,0,0,Yes,DSL,76.29,,Yes
CUST00200,Male,0,10,No,DSL,84.29,863.61,Yes
CUST00201,Male,0,6,No,Fiber optic,96.85,579.56,Yes
CUST00202,Female,0,18,No,DSL,44.97,767.92,No
CUST00203,Female,0,6,Yes,DSL,94.58,573.05,No
CUST00204,Female,0,4,Yes,No,78.11,322.1,No
CUST00205,Female,0,5,Yes,Fiber optic,93.49,489.98,Yes
CUST00206,Female,0,3,Yes,Fiber optic,74.89,237.21,Yes
CUST00207,Female,0,12,No,Fiber optic,47.82,529.71,No
CUST00208,Male,0,32,No,DSL,57.84,2005.58,No
CUST00209,Female,0,40,No,Fiber optic,89.67,3726.38,No
CUST00210,Male,1,16,Yes,Fiber optic,92.39,1371.65,No
CUST00211,Male,0,4,Yes,DSL,108.88,419.63,No
CUST00212,Male,0,2,Yes,DSL,64.91,,No
CUST00213,Female,0,5,Yes,DSL,85.5,,No
CUST00214,Female,0,11,No,DSL,89.3,971.73,No
CUST00215,Female,1,9,Yes,Fiber optic,91.59,812.6,Yes
CUST00216,Male,0,43,No,DSL,50.03,2568.54,No
CUST00217,Female,0,9,No,Fiber optic,96.32,849.78,No
CUST00218,Male,0,43,Yes,DSL,54.2,2496.38,No
CUST00219,Male,0,63,Yes,Fiber optic,61.19,4367.87,No
CUST00220,Male,0,72,No,Fiber optic,86.62,6003.0,Yes
CUST00221,Female,0,1,No,No,104.41,113.26,Yes
CUST00222,Male,0,52,Yes,No,68.59,3242.39,No
CUST00223,Male,0,56,No,Fiber optic,63.92,,Yes
CUST00224,Male,1,54,Yes,Fiber optic,63.9,2911.25,No
CUST00225,Male,0,42,No,No,34.27,1163.27,No
CUST00226,Female,0,27,Yes,Fiber optic,56.17,1605.45,Yes
CUST00227,Male,1,6,No,No,86.73,569.37,No
CUST00228,Male,0,44,Yes,DSL,52.9,2617.74,No
CUST00229,Male,0,32,No,DSL,36.32,,No
CUST00230,Male,0,19,Yes,Fiber optic,36.38,666.97,No
CUST00231,Female,0,3,No,DSL,101.9,320.3,Yes
CUST00232,Male,0,53,Yes,DSL,90.17,,No
CUST00233,Female,0,34,Yes,Fiber optic,46.97,1903.38,No
CUST00234,Male,1,31,No,DSL,36.73,1115.71,No
CUST00235,Male,0,43,Yes,Fiber optic,36.54,1204.81,No
CUST00236,Female,0,1,No,No,105.04,108.34,Yes
CUST00237,Female,0,49,No,DSL,84.27,3970.02,No
CUST00238,Female,0,63,Yes,DSL,53.47,3494.11,No
CUST00239,Male,0,46,No,DSL,84.02,3952.61,No
CUST00240,Female,0,68,No,Fiber optic,33.81,2762.3,No
CUST00241,Male,0,2,Yes,No,68.88,147.8,No
CUST00242,Female,0,3,Yes,DSL,101.15,283.61,Yes
CUST00243,Male,0,64,Yes,No,49.0,3542.02,No
CUST00244,Male,0,67,Yes,Fiber optic,81.23,5537.41,Yes
CUST00245,Female,0,12,Yes,Fiber optic,68.61,809.24,No
CUST00246,Male,0,3,No,Fiber optic,86.57,270.04,Yes
CUST00247,Male,0,7,Yes,Fiber optic,62.11,434.92,Yes
CUST00248,Male,0,54,No,No,91.05,5375.5,No
CUST00249,Female,0,50,No,DSL,54.45,2486.19,No
CUST00250,Male,0,21,Yes,Fiber optic,27.52,432.23,Yes
CUST00251,Female,1,8,No,No,74.74,653.71,Yes
CUST00252,Male,0,25,No,No,74.98,1680.19,No
CUST00253,Female,0,22,No,Fiber optic,45.11,1187.39,No
CUST00254,Male,0,6,Yes,No,85.92,471.45,Yes
CUST00255,Male,0,54,No,No,76.1,4030.48,No
CUST00256,Male,0,19,Yes,DSL,89.31,1671.47,No
CUST00257,Male,0,6,No,Fiber optic,77.43,,No
CUST00258,Male,0,28,No,Fiber optic,45.55,1365.89,No
CUST00259,Female,0,43,No,DSL,91.08,4162.73,No
CUST00260,Female,0,20,No,DSL,92.35,1896.04,No
CUST00261,Male,1,7,No,DSL,69.12,498.58,Yes
CUST00262,Male,0,31,No,DSL,89.96,2842.36,No
CUST00263,Male,0,12,Yes,DSL,31.96,290.5,No
CUST00264,Male,0,4,Yes,Fiber optic,76.26,310.8,Yes
CUST00265,Female,0,53,Yes,Fiber optic,77.82,3710.17,Yes
CUST00266,Male,1,47,No,Fiber optic,59.27,3046.57,No
CUST00267,Female,0,1,No,Fiber optic,88.5,91.34,Yes
CUST00268,Male,0,18,Yes,DSL,55.07,1168.97,No
CUST00269,Male,0,0,No,No,62.66,,No
CUST00270,Male,0,59,Yes,DSL,67.91,3641.68,No
CUST00271,Male,0,3,Yes,DSL,84.9,229.75,Yes
CUST00272,Female,0,55,Yes,Fiber optic,59.22,2841.18,No
CUST00273,Male,0,1,Yes,Fiber optic,70.23,62.91,No
CUST00274,Female,0,62,No,DSL,81.89,5689.01,No
CUST00275,Female,0,3,Yes,No,80.22,224.92,No
CUST00276,Male,1,18,No,DSL,84.86,1390.4,No
CUST00277,Male,0,52,No,Fiber optic,80.69,3839.6,No
CUST00278,Male,0,38,Yes,No,72.1,2641.28,No
CUST00279,Female,0,3,Yes,Fiber optic,71.53,214.23,Yes
CUST00280,Female,0,23,No,No,93.76,2134.92,No
CUST00281,Male,1,16,Yes,No,81.85,1346.54,No
CUST00282,Female,0,10,Yes,DSL,71.24,624.06,Yes
CUST00283,Female,0,15,Yes,DSL,97.74,1519.23,No
CUST00284,Female,1,31,Yes,DSL,40.88,1546.15,No
CUST00285,Male,0,47,No,No,29.89,1396.53,No
CUST00286,Female,0,67,Yes,DSL,47.95,2669.73,No
CUST00287,Female,0,40,No,DSL,46.58,1896.01,No
CUST00288,Male,0,0,No,Fiber optic,105.19,,Yes
CUST00289,Female,0,46,Yes,No,41.87,1749.75,No
CUST00290,Female,0,20,Yes,DSL,98.05,1994.29,No
CUST00291,Male,0,9,Yes,DSL,63.04,534.12,No
CUST00292,Male,0,52,Yes,Fiber optic,23.36,1589.53,No
CUST00293,Female,0,6,Yes,No,93.1,579.05,No
CUST00294,Male,0,10,No,No,86.8,851.17,Yes
CUST00295,Female,0,3,No,Fiber optic,69.14,182.13,No
CUST00296,Male,0,6,Yes,DSL,70.01,442.67,Yes
CUST00297,Female,0,72,No,Fiber optic,90.86,,No
CUST00298,Male,0,10,Yes,Fiber optic,68.55,681.21,No
CUST00299,Male,0,39,No,Fiber optic,32.73,1635.19,No
CUST00300,Male,0,49,Yes,Fiber optic,27.97,,Yes
CUST00301,Male,0,12,No,Fiber optic,35.7,469.82,No
CUST00302,Male,1,0,Yes,Fiber optic,86.01,,Yes
CUST00303,Female,0,20,No,DSL,72.0,1509.35,No
CUST00304,Female,0,22,Yes,DSL,54.69,1336.51,No
CUST00305,Female,0,16,Yes,No,33.06,528.53,No
CUST00306,Female,0,2,No,Fiber optic,108.33,224.22,Yes
CUST00307,Male,0,21,Yes,No,92.27,2013.08,No
CUST00308,Male,0,12,Yes,No,92.13,1183.57,No
CUST00309,Male,1,10,No,DSL,74.51,760.23,No
CUST00310,Female,0,15,No,Fiber optic,34.91,383.14,No
CUST00311,Female,0,48,Yes,DSL,38.59,1646.74,No
CUST00312,Male,0,66,No,DSL,74.38,4672.26,No
CUST00313,Male,0,44,No,Fiber optic,90.26,3989.96,No
CUST00314,Male,0,12,No,Fiber optic,59.69,774.97,No
CUST00315,Male,0,59,No,Fiber optic,29.18,1379.2,Yes
CUST00316,Female,0,55,Yes,DSL,21.46,781.33,No
CUST00317,Male,0,24,No,DSL,97.02,2244.12,No
CUST00318,Male,0,40,Yes,DSL,33.34,1008.44,No
CUST00319,Male,0,10,Yes,Fiber optic,90.26,931.17,Yes
CUST00320,Male,0,14,Yes,Fiber optic,46.13,597.28,No
CUST00321,Female,0,52,Yes,DSL,95.35,4760.31,No
CUST00322,Female,0,8,Yes,DSL,97.63,757.85,Yes
CUST00323,Male,1,31,Yes,Fiber optic,90.47,3086.19,Yes
CUST00324,Male,0,1,Yes,No,83.11,88.99,No
CUST00325,Female,0,66,No,No,64.01,4661.79,No
CUST00326,Female,0,6,Yes,No,66.18,435.09,No
CUST00327,Female,0,32,Yes,DSL,34.29,1127.02,No
CUST00328,Male,0,10,No,Fiber optic,104.0,1043.47,Yes
CUST00329,Male,0,66,Yes,Fiber optic,89.29,6291.56,No
CUST00330,Female,0,7,No,Fiber optic,62.02,452.57,No
CUST00331,Female,0,0,No,No,99.07,,No
CUST00332,Female,0,31,Yes,Fiber optic,75.15,2426.4,No
CUST00333,Female,0,53,Yes,Fiber optic,63.13,3382.07,Yes
CUST00334,Female,0,67,Yes,No,58.11,4469.81,No
CUST00335,Female,0,12,Yes,Fiber optic,36.3,337.85,No
CUST00336,Male,0,58,Yes,No,27.38,,No
CUST00337,Male,0,16,No,No,81.63,1397.54,No
CUST00338,Male,0,6,Yes,Fiber optic,96.02,527.65,Yes
CUST00339,Male,1,47,No,Fiber optic,74.41,3263.14,Yes
CUST00340,Male,0,0,No,No,64.53,,No
CUST00341,Female,0,27,No,Fiber optic,82.35,2182.83,No
CUST00342,Male,0,53,Yes,No,35.57,1695.68,No
CUST00343,Female,0,57,Yes,Fiber optic,46.9,2730.44,Yes
CUST00344,Male,0,70,No,No,64.63,5072.22,No
CUST00345,Female,0,8,No,DSL,90.05,776.4,No
CUST00346,Female,0,12,No,DSL,72.61,988.08,No
CUST00347,Male,1,21,Yes,DSL,53.36,1301.84,No
CUST00348,Male,0,26,No,DSL,43.56,979.95,No
CUST00349,Male,0,3,No,DSL,98.02,302.5,Yes
CUST00350,Male,0,15,No,No,94.17,1360.27,No
CUST00351,Male,1,2,Yes,Fiber optic,87.01,189.27,No
CUST00352,Male,0,38,Yes,DSL,94.32,3377.31,No
CUST00353,Male,0,54,Yes,Fiber optic,65.96,3097.49,No
CUST00354,Female,0,36,Yes,Fiber optic,55.91,,No
CUST00355,Female,1,46,Yes,Fiber optic,64.21,2868.59,Yes
CUST00356,Male,0,42,No,DSL,62.2,2505.88,No
CUST00357,Male,0,68,Yes,No,21.82,1559.22,No
CUST00358,Male,1,62,Yes,DSL,75.87,5235.01,No
CUST00359,Male,1,7,Yes,Fiber optic,90.88,695.11,Yes
CUST00360,Female,0,16,No,DSL,98.35,1699.18,No
CUST00361,Female,0,21,Yes,Fiber optic,61.19,1150.92,Yes
CUST00362,Male,0,23,Yes,Fiber optic,54.56,1151.8,No
CUST00363,Male,0,27,Yes,No,90.52,2236.16,No
CUST00364,Male,0,23,No,DSL,22.33,440.73,No
CUST00365,Female,0,17,No,DSL,65.17,,No
CUST00366,Male,0,12,No,No,55.42,,No
CUST00367,Male,0,57,Yes,DSL,57.02,3547.97,No
CUST00368,Female,0,51,Yes,Fiber optic,41.83,2274.19,No
CUST00369,Female,0,11,Yes,Fiber optic,87.88,871.59,Yes
CUST00370,Male,0,45,Yes,Fiber optic,32.22,,No
CUST00371,Male,0,29,No,DSL,97.25,2592.83,No
CUST00372,Male,0,0,No,Fiber optic,80.08,,No
CUST00373,Female,0,31,No,No,45.8,1661.42,No
CUST00374,Male,0,58,No,Fiber optic,84.6,5244.86,Yes
CUST00375,Male,0,4,Yes,Fiber optic,98.49,376.74,No
CUST00376,Female,1,52,Yes,DSL,43.16,1925.14,Yes
CUST00377,Male,0,40,Yes,Fiber optic,46.69,,No
CUST00378,Female,1,1,Yes,DSL,81.49,81.01,No
CUST00379,Female,1,10,Yes,Fiber optic,72.42,677.71,Yes
CUST00380,Female,1,34,Yes,No,74.82,2658.22,Yes
CUST00381,Female,0,11,Yes,No,78.52,840.3,Yes
CUST00382,Male,0,40,No,DSL,20.68,748.7,No
CUST00383,Female,0,38,No,No,82.25,2984.96,No
CUST00384,Male,0,28,No,DSL,84.51,2194.17,No
CUST00385,Female,0,0,No,Fiber optic,102.47,,Yes
CUST00386,Male,1,9,Yes,DSL,60.47,521.87,No
CUST00387,Male,0,14,Yes,DSL,46.17,750.88,No
CUST00388,Male,1,7,No,DSL,109.52,734.02,No
CUST00389,Male,0,7,No,DSL,109.33,,Yes
CUST00390,Male,0,25,Yes,Fiber optic,79.0,1867.89,Yes
CUST00391,Male,0,11,No,Fiber optic,70.64,697.35,Yes
CUST00392,Male,0,6,Yes,Fiber optic,63.54,350.86,Yes
CUST00393,Female,1,72,Yes,Fiber optic,49.7,3901.72,No
CUST00394,Female,1,2,Yes,DSL,65.89,120.29,No
CUST00395,Female,1,2,No,DSL,102.98,202.51,No
CUST00396,Male,0,27,No,Fiber optic,48.43,1169.67,No
CUST00397,Male,0,4,Yes,No,75.58,279.8,Yes
CUST00398,Male,0,9,No,DSL,70.15,710.97,Yes
CUST00399,Female,0,5,Yes,Fiber optic,78.58,439.34,No
CUST00400,Male,0,14,Yes,Fiber optic,26.96,257.58,No
CUST00401,Male,0,50,Yes,DSL,26.13,1341.81,No
CUST00402,Male,1,14,Yes,DSL,94.67,1396.49,Yes
CUST00403,Male,0,61,Yes,Fiber optic,40.85,2899.4,No
CUST00404,Male,0,10,Yes,Fiber optic,66.8,731.98,No
CUST00405,Male,1,59,Yes,DSL,70.2,4609.95,Yes
CUST00406,Male,1,4,No,DSL,69.68,300.5,No
CUST00407,Female,0,9,No,Fiber optic,86.98,711.84,Yes
CUST00408,Male,0,56,Yes,Fiber optic,74.79,,Yes
CUST00409,Male,0,33,Yes,DSL,99.03,3451.75,No
CUST00410,Female,0,8,Yes,Fiber optic,94.95,769.07,No
CUST00411,Female,0,45,Yes,DSL,81.22,3881.76,No
CUST00412,Female,1,29,No,DSL,54.15,,No
CUST00413,Male,0,8,No,Fiber optic,75.85,,No
CUST00414,Female,0,55,No,DSL,54.56,2698.62,No
CUST00415,Male,0,25,No,DSL,63.3,1662.11,No
CUST00416,Female,0,47,No,Fiber optic,67.91,3245.97,No
CUST00417,Female,0,4,No,DSL,62.99,233.28,No
CUST00418,Female,0,7,Yes,DSL,104.5,703.37,No
CUST00419,Male,0,18,Yes,No,58.32,1038.37,No
CUST00420,Male,1,10,Yes,Fiber optic,68.37,640.02,No
CUST00421,Female,0,50,Yes,DSL,38.07,2224.96,No
CUST00422,Female,0,21,No,DSL,49.19,894.39,No
CUST00423,Male,1,9,Yes,Fiber optic,61.57,554.59,No
CUST00424,Male,0,2,No,Fiber optic,86.81,158.53,Yes
CUST00425,Female,0,42,Yes,DSL,45.85,2245.41,No
CUST00426,Male,0,41,No,DSL,64.67,2683.96,No
CUST00427,Male,0,63,Yes,Fiber optic,53.44,3734.53,No
CUST00428,Female,0,61,Yes,DSL,91.3,5942.45,No
CUST00429,Female,0,63,No,Fiber optic,85.29,5558.67,No
CUST00430,Male,0,0,No,Fiber optic,64.09,,Yes
CUST00431,Female,1,10,Yes,DSL,108.37,1142.67,Yes
CUST00432,Male,0,3,Yes,Fiber optic,107.55,324.91,Yes
CUST00433,Female,1,4,No,DSL,93.16,407.93,Yes
CUST00434,Male,1,42,No,Fiber optic,41.2,1389.68,No
CUST00435,Female,0,11,No,Fiber optic,61.96,737.13,No
CUST00436,Male,0,39,No,Fiber optic,35.82,1570.98,No
CUST00437,Female,0,2,Yes,Fiber optic,62.11,107.82,No
CUST00438,Male,0,3,No,Fiber optic,86.63,240.61,Yes
CUST00439,Male,0,32,Yes,DSL,32.37,797.99,No
CUST00440,Female,0,60,Yes,Fiber optic,79.46,5322.62,No
CUST00441,Male,0,59,No,Fiber optic,27.22,1096.78,No
CUST00442,Male,0,4,Yes,Fiber optic,70.4,285.28,Yes
CUST00443,Male,0,22,Yes,No,75.56,1697.95,No
CUST00444,Male,0,28,No,No,38.88,949.12,No
CUST00445,Male,0,13,No,Fiber optic,68.42,862.25,No
CUST00446,Male,1,57,Yes,No,26.44,1924.65,No
CUST00447,Female,0,38,No,Fiber optic,88.85,3427.84,No
CUST00448,Female,0,12,No,Fiber optic,87.58,1023.82,No
CUST00449,Female,1,40,No,DSL,96.22,3484.84,No
CUST00450,Male,1,12,Yes,Fiber optic,96.29,1109.86,Yes
CUST00451,Male,0,23,Yes,No,32.55,761.83,No
CUST00452,Female,1,41,Yes,Fiber optic,66.25,2770.95,Yes
CUST00453,Female,0,13,Yes,No,40.39,542.02,No
CUST00454,Male,0,72,No,Fiber optic,41.73,3265.73,No
CUST00455,Male,1,49,No,Fiber optic,51.53,,Yes
CUST00456,Female,0,47,Yes,Fiber optic,81.98,3898.61,No
CUST00457,Male,0,24,No,No,25.3,492.93,No
CUST00458,Female,0,56,Yes,DSL,25.2,967.23,No
CUST00459,Male,0,2,Yes,Fiber optic,76.72,136.42,Yes
CUST00460,Male,0,37,Yes,DSL,62.28,2078.96,No
CUST00461,Female,0,7,Yes,DSL,65.44,434.29,No
CUST00462,Male,0,6,No,Fiber optic,94.54,626.64,Yes
CUST00463,Male,0,55,No,DSL,72.33,3527.92,No
CUST00464,Male,1,4,No,DSL,91.83,402.95,No
CUST00465,Female,0,17,No,DSL,36.62,588.16,No
CUST00466,Female,0,1,Yes,DSL,97.09,,Yes
CUST00467,Male,1,3,Yes,Fiber optic,91.26,,Yes
CUST00468,Female,0,60,No,Fiber optic,51.31,3310.0,Yes
CUST00469,Male,1,53,No,DSL,43.7,2524.94,No
CUST00470,Female,0,0,No,Fiber optic,98.92,,Yes
CUST00471,Female,0,43,No,DSL,27.69,1577.34,No
CUST00472,Female,0,6,Yes,DSL,83.01,451.7,Yes
CUST00473,Male,1,45,No,No,49.0,2383.17,No
CUST00474,Male,0,8,Yes,DSL,67.97,601.27,No
CUST00475,Male,0,60,No,DSL,82.07,5238.69,No
CUST00476,Female,0,50,Yes,DSL,38.74,1509.44,No
CUST00477,Female,0,38,No,No,96.37,3652.74,No
CUST00478,Female,1,18,No,Fiber optic,49.32,952.36,Yes
CUST00479,Female,0,71,Yes,DSL,74.56,4796.18,No
CUST00480,Female,1,9,No,DSL,60.06,465.93,No
CUST00481,Female,0,15,No,DSL,31.83,341.75,No
CUST00482,Female,0,40,Yes,Fiber optic,20.46,736.76,No
CUST00483,Female,0,12,Yes,No,88.12,1176.12,No
CUST00484,Female,1,30,Yes,Fiber optic,45.79,1213.93,Yes
CUST00485,Female,0,0,Yes,DSL,66.4,,No
CUST00486,Male,0,9,No,DSL,86.64,823.13,Yes
CUST00487,Male,0,4,No,DSL,67.5,246.44,No
CUST00488,Male,1,34,No,Fiber optic,91.1,3204.01,Yes
CUST00489,Female,0,20,No,No,97.67,2067.89,No
CUST00490,Male,0,12,No,DSL,73.81,878.9,No
CUST00491,Male,1,5,Yes,DSL,83.82,414.62,Yes
CUST00492,Male,0,0,Yes,Fiber optic,83.52,,Yes
CUST00493,Female,0,50,No,Fiber optic,96.67,4390.1,Yes
CUST00494,Male,0,4,Yes,Fiber optic,83.82,325.69,Yes
CUST00495,Male,0,43,Yes,Fiber optic,36.17,1230.91,No
CUST00496,Female,1,10,No,Fiber optic,78.51,,Yes
CUST00497,Female,0,7,Yes,DSL,64.27,430.37,No
CUST00498,Female,0,9,Yes,Fiber optic,84.76,742.47,No
CUST00499,Female,0,58,No,Fiber optic,20.28,1475.56,Yes
CUST00500,Male,0,3,No,DSL,79.04,247.12,No
CUST00501,Male,1,10,Yes,DSL,102.58,1042.0,Yes
CUST00502,Female,0,31,No,Fiber optic,20.01,728.58,No
CUST00503,Male,1,22,No,No,68.93,1387.28,No
CUST00504,Male,1,5,Yes,Fiber optic,98.0,463.94,Yes
CUST00505,Male,0,0,Yes,Fiber optic,92.43,,Yes
CUST00506,Female,0,52,No,Fiber optic,55.15,2656.09,No
CUST00507,Male,0,19,Yes,Fiber optic,52.02,1160.87,No
CUST00508,Female,0,64,Yes,Fiber optic,41.16,2439.27,No
CUST00509,Male,0,9,Yes,No,104.6,872.69,No
CUST00510,Male,0,5,No,DSL,60.49,311.1,No
CUST00511,Female,0,20,Yes,DSL,60.7,1069.04,No
CUST00512,Male,0,11,No,No,71.56,843.81,No
CUST00513,Female,0,9,No,DSL,61.75,588.84,No
CUST00514,Female,0,1,No,DSL,77.94,72.05,No
CUST00515,Female,0,2,Yes,DSL,95.62,179.39,No
CUST00516,Female,0,24,Yes,Fiber optic,20.91,310.6,No
CUST00517,Female,0,12,Yes,DSL,78.63,997.32,No
CUST00518,Male,0,72,Yes,Fiber optic,25.83,,No
CUST00519,Male,0,3,Yes,No,89.24,247.39,No
CUST00520,Female,0,7,Yes,DSL,86.86,672.22,Yes
CUST00521,Male,1,11,No,Fiber optic,99.09,1149.37,Yes
CUST00522,Male,0,8,No,No,69.56,546.33,No
CUST00523,Female,1,10,Yes,Fiber optic,79.89,730.35,Yes
CUST00524,Male,0,19,Yes,Fiber optic,41.68,611.93,No
CUST00525,Male,0,52,No,DSL,53.67,2436.88,No
CUST00526,Male,0,2,No,Fiber optic,80.09,159.39,Yes
CUST00527,Male,0,17,No,DSL,24.71,,No
CUST00528,Female,0,68,No,DSL,89.99,6286.14,No
CUST00529,Female,0,11,Yes,Fiber optic,67.17,768.26,No
CUST00530,Male,0,6,Yes,Fiber optic,64.3,433.22,No
CUST00531,Female,1,49,Yes,No,92.8,4609.37,No
CUST00532,Male,0,20,Yes,Fiber optic,60.77,1153.22,No
CUST00533,Female,0,30,No,Fiber optic,96.19,2586.27,No
CUST00534,Female,0,3,Yes,No,102.57,284.4,No
CUST00535,Female,0,5,No,Fiber optic,89.28,453.41,Yes
CUST00536,Male,1,69,No,No,69.35,4943.21,No
CUST00537,Male,0,21,Yes,DSL,86.39,1840.71,No
CUST00538,Male,0,6,No,DSL,81.61,441.37,No
CUST00539,Male,0,14,Yes,DSL,57.06,764.39,No
CUST00540,Female,0,0,Yes,DSL,88.09,,Yes
CUST00541,Female,0,70,No,Fiber optic,23.07,1844.01,Yes
CUST00542,Female,0,43,No,Fiber optic,89.81,3965.18,No
CUST00543,Male,0,22,Yes,Fiber optic,38.63,1050.66,No
CUST00544,Female,1,14,Yes,DSL,90.12,1174.15,No
CUST00545,Female,1,5,No,Fiber optic,104.19,535.7,Yes
CUST00546,Male,0,20,No,Fiber optic,88.58,1789.18,Yes
CUST00547,Male,0,29,No,DSL,90.6,2592.79,No
CUST00548,Male,0,51,Yes,Fiber optic,50.59,2464.48,No
CUST00549,Female,1,44,Yes,No,24.9,672.5,Yes
CUST00550,Male,0,35,No,Fiber optic,24.9,619.14,No
CUST00551,Male,0,6,Yes,No,83.16,461.15,Yes
CUST00552,Female,0,34,No,DSL,91.3,3301.34,No
CUST00553,Male,0,43,Yes,No,61.87,2530.46,No
CUST00554,Male,0,38,No,Fiber optic,64.42,2465.43,No
CUST00555,Female,0,72,Yes,DSL,78.62,5364.49,No
CUST00556,Female,0,4,Yes,No,85.32,380.96,No
CUST00557,Female,0,39,Yes,Fiber optic,52.74,1927.7,No
CUST00558,Female,0,38,No,DSL,93.81,3328.51,No
CUST00559,Female,0,3,No,DSL,71.45,196.43,No
CUST00560,Male,0,55,Yes,No,61.27,3458.96,No
CUST00561,Female,0,62,Yes,No,51.92,2814.17,No
CUST00562,Female,0,65,No,No,50.57,3373.85,No
CUST00563,Female,0,43,Yes,Fiber optic,44.06,1597.71,Yes
CUST00564,Female,0,3,No,DSL,77.9,,Yes
CUST00565,Male,1,18,Yes,DSL,63.95,1084.25,No
CUST00566,Female,0,55,Yes,DSL,33.74,1995.52,No
CUST00567,Male,1,2,No,DSL,73.08,164.76,No
CUST00568,Male,0,43,Yes,Fiber optic,87.01,4005.99,No
CUST00569,Female,0,71,No,DSL,26.95,1849.04,No
CUST00570,Male,0,4,Yes,DSL,105.98,450.38,No
CUST00571,Male,0,0,Yes,DSL,92.84,,Yes
CUST00572,Male,0,1,Yes,Fiber optic,80.15,79.77,Yes
CUST00573,Female,0,64,Yes,Fiber optic,37.32,2936.68,Yes
CUST00574,Male,0,47,No,No,81.75,4036.16,No
CUST00575,Male,0,31,Yes,Fiber optic,45.59,1671.72,Yes
CUST00576,Female,1,6,No,Fiber optic,85.21,559.25,Yes
CUST00577,Male,0,50,No,DSL,48.15,,No
CUST00578,Male,0,6,No,DSL,75.21,453.93,No
CUST00579,Male,0,53,Yes,Fiber optic,95.81,4800.81,No
CUST00580,Male,0,59,No,Fiber optic,57.66,2854.95,No
CUST00581,Male,1,49,No,Fiber optic,52.29,2838.46,No
CUST00582,Male,0,6,No,Fiber optic,81.76,482.8,No
CUST00583,Female,0,5,Yes,No,74.12,361.23,No
CUST00584,Female,0,28,No,Fiber optic,36.81,1258.14,Yes
CUST00585,Male,0,4,No,Fiber optic,109.52,407.2,Yes
CUST00586,Female,0,9,Yes,Fiber optic,95.89,938.61,Yes
CUST00587,Female,0,55,Yes,Fiber optic,38.02,2434.83,No
CUST00588,Female,0,68,Yes,DSL,22.6,1679.21,No
CUST00589,Male,0,1,Yes,Fiber optic,98.27,106.17,Yes
CUST00590,Male,0,17,No,No,97.57,1559.91,No
CUST00591,Male,0,5,Yes,DSL,74.45,363.02,No
CUST00592,Male,0,7,No,Fiber optic,88.31,683.56,Yes
CUST00593,Male,0,56,No,Fiber optic,65.73,3242.83,No
CUST00594,Male,0,2,No,DSL,76.43,162.51,No
CUST00595,Female,0,4,No,Fiber optic,108.64,448.44,No
CUST00596,Male,0,5,Yes,Fiber optic,105.9,508.18,Yes
CUST00597,Female,0,7,Yes,DSL,96.46,675.54,Yes
CUST00598,Male,0,8,Yes,No,81.57,646.13,No
CUST00599,Male,0,43,No,No,29.74,1300.53,No
CUST00600,Male,0,38,Yes,DSL,57.24,1921.0,No
CUST00601,Male,0,26,Yes,No,31.58,798.85,No
CUST00602,Female,0,12,Yes,No,43.82,595.77,No
CUST00603,Male,0,8,Yes,DSL,104.57,835.31,Yes
CUST00604,Male,1,54,No,Fiber optic,58.12,3301.77,No
CUST00605,Male,0,32,Yes,No,87.9,2566.63,No
CUST00606,Female,0,6,Yes,No,89.72,508.82,Yes
CUST00607,Female,0,48,No,No,83.79,4192.28,No
CUST00608,Female,0,9,No,DSL,90.51,791.23,No
CUST00609,Male,0,64,No,DSL,39.63,2375.8,No
CUST00610,Male,0,9,No,DSL,61.79,529.17,No
CUST00611,Male,0,24,Yes,Fiber optic,63.76,1505.21,No
CUST00612,Female,0,10,Yes,Fiber optic,80.81,832.5,Yes
CUST00613,Female,0,0,Yes,Fiber optic,83.1,,Yes
CUST00614,Male,0,62,Yes,Fiber optic,32.77,2586.72,Yes
CUST00615,Female,1,35,Yes,DSL,63.67,2413.89,Yes
CUST00616,Female,0,11,Yes,Fiber optic,89.42,1068.65,Yes
CUST00617,Female,0,59,No,DSL,31.05,2161.55,No
CUST00618,Male,0,68,No,Fiber optic,46.92,2889.5,No
CUST00619,Male,0,5,Yes,DSL,60.14,286.27,No
CUST00620,Female,0,5,Yes,DSL,75.39,390.39,Yes
CUST00621,Male,0,68,No,Fiber optic,50.56,2949.33,No
CUST00622,Male,0,12,Yes,DSL,60.93,633.03,No
CUST00623,Female,0,26,Yes,No,36.39,717.8,No
CUST00624,Male,0,6,No,DSL,81.22,446.35,No
CUST00625,Male,1,6,No,DSL,86.48,505.15,No
CUST00626,Male,1,5,Yes,DSL,97.77,518.7,No
CUST00627,Male,0,5,Yes,Fiber optic,71.42,396.07,Yes
CUST00628,Male,0,3,No,DSL,89.22,256.72,Yes
CUST00629,Male,0,39,Yes,No,68.32,2582.52,No
CUST00630,Male,0,9,Yes,Fiber optic,94.38,834.21,No
CUST00631,Male,0,6,No,Fiber optic,63.3,,No
CUST00632,Female,0,4,Yes,Fiber optic,80.43,304.16,Yes
CUST00633,Female,0,24,No,DSL,92.9,,No
CUST00634,Female,0,57,No,DSL,77.83,4088.19,No
CUST00635,Male,0,26,Yes,No,68.31,1891.89,No
CUST00636,Male,0,47,Yes,Fiber optic,33.73,1499.07,No
CUST00637,Male,0,5,No,DSL,78.36,358.77,Yes
CUST00638,Female,0,1,No,DSL,70.63,71.2,Yes
CUST00639,Male,0,50,No,DSL,33.61,1281.52,No
CUST00640,Female,0,42,No,DSL,89.34,3332.51,No
CUST00641,Male,1,17,Yes,DSL,94.78,1679.64,No
CUST00642,Male,1,7,No,No,103.96,738.59,No
CUST00643,Female,0,26,Yes,No,88.96,2530.77,No
CUST00644,Male,0,58,Yes,Fiber optic,33.92,1591.55,No
CUST00645,Female,0,51,No,Fiber optic,59.28,2695.59,Yes
CUST00646,Male,1,55,No,Fiber optic,58.39,3525.58,No
CUST00647,Female,0,51,No,DSL,85.92,,No
CUST00648,Male,0,31,Yes,No,84.9,2624.22,No
CUST00649,Female,0,8,Yes,No,69.27,597.38,No
CUST00650,Male,1,72,Yes,DSL,79.94,6457.9,Yes
CUST00651,Female,0,21,Yes,Fiber optic,34.2,886.63,No
CUST00652,Male,1,23,No,Fiber optic,93.09,1996.0,No
CUST00653,Female,0,3,Yes,DSL,100.81,322.23,Yes
CUST00654,Male,1,11,Yes,Fiber optic,101.41,1055.57,Yes
CUST00655,Male,0,62,No,DSL,38.85,2786.89,No
CUST00656,Male,0,10,No,Fiber optic,65.89,590.44,No
CUST00657,Male,1,8,Yes,Fiber optic,108.36,799.95,Yes
CUST00658,Male,0,26,No,Fiber optic,80.87,2149.57,No
CUST00659,Male,0,33,Yes,DSL,77.94,2834.35,No
CUST00660,Female,1,38,No,DSL,59.99,2279.28,No
CUST00661,Female,0,53,No,DSL,47.58,2948.89,No
CUST00662,Male,0,38,Yes,Fiber optic,48.11,1575.01,No
CUST00663,Male,0,30,No,DSL,81.22,2696.3,No
CUST00664,Female,0,9,No,DSL,98.29,879.12,Yes
CUST00665,Male,0,46,Yes,Fiber optic,89.61,3725.83,No
CUST00666,Male,1,26,Yes,Fiber optic,81.12,2169.16,Yes
CUST00667,Male,0,1,Yes,Fiber optic,109.04,115.79,Yes
CUST00668,Male,0,43,Yes,DSL,26.76,1444.96,No
CUST00669,Male,0,9,Yes,No,81.14,748.6,Yes
CUST00670,Male,0,47,No,Fiber optic,43.75,1610.03,No
CUST00671,Male,0,66,No,Fiber optic,77.28,4709.37,No
CUST00672,Female,0,4,No,DSL,80.9,284.52,Yes
CUST00673,Male,0,6,Yes,DSL,109.99,644.03,Yes
CUST00674,Female,1,2,No,No,101.56,208.73,No
CUST00675,Male,0,48,No,DSL,47.58,2110.34,No
CUST00676,Female,1,71,No,DSL,88.42,6439.93,No
CUST00677,Female,0,71,No,Fiber optic,73.62,,No
CUST00678,Female,0,0,No,DSL,96.73,,Yes
CUST00679,Male,0,30,Yes,Fiber optic,71.21,2007.45,No
CUST00680,Female,1,10,Yes,DSL,83.28,931.73,No
CUST00681,Male,1,49,No,Fiber optic,73.49,3418.09,No
CUST00682,Female,0,23,No,DSL,70.63,1716.98,No
CUST00683,Female,0,26,No,Fiber optic,65.13,1688.42,Yes
CUST00684,Male,0,27,Yes,DSL,27.16,924.75,No
CUST00685,Male,0,5,Yes,Fiber optic,69.78,391.85,No
CUST00686,Female,0,1,No,DSL,71.27,66.99,Yes
CUST00687,Male,0,36,No,DSL,98.96,3807.51,No
CUST00688,Male,0,8,No,DSL,79.4,575.9,Yes
CUST00689,Male,0,48,Yes,Fiber optic,88.46,4301.39,No
CUST00690,Female,0,0,No,DSL,61.43,,No
CUST00691,Female,0,46,Yes,Fiber optic,90.78,4593.23,No
CUST00692,Female,1,17,No,Fiber optic,74.82,1338.09,No
CUST00693,Male,0,12,Yes,No,69.74,928.15,No
CUST00694,Female,0,20,No,DSL,92.06,1867.85,No
CUST00695,Male,1,41,Yes,DSL,83.55,,No
CUST00696,Female,0,10,Yes,No,96.65,921.69,No
CUST00697,Male,0,24,Yes,Fiber optic,32.72,774.14,No
CUST00698,Female,0,71,No,Fiber optic,28.68,2561.99,Yes
CUST00699,Male,0,68,No,DSL,57.28,4105.22,No
CUST00700,Female,0,11,No,DSL,69.88,697.26,No
CUST00701,Male,0,52,No,No,59.07,3435.88,No
CUST00702,Male,0,10,No,DSL,63.51,,No
CUST00703,Female,0,61,Yes,DSL,77.39,5042.55,No
CUST00704,Male,0,5,No,Fiber optic,108.83,539.84,No
CUST00705,Female,1,55,Yes,DSL,44.59,2075.14,No
CUST00706,Female,0,72,No,Fiber optic,59.17,4257.31,No
CUST00707,Female,0,69,No,DSL,94.12,6180.6,No
CUST00708,Male,0,26,No,No,32.2,938.44,No
CUST00709,Male,0,48,Yes,Fiber optic,82.36,4204.97,Yes
CUST00710,Female,0,56,Yes,DSL,90.97,5517.19,No
CUST00711,Female,0,50,No,No,27.1,1593.93,No
CUST00712,Female,1,0,No,DSL,102.51,,No
CUST00713,Female,0,19,No,DSL,79.46,1414.3,No
CUST00714,Female,0,15,No,Fiber optic,41.01,672.04,No
CUST00715,Female,0,58,Yes,Fiber optic,78.19,4716.77,No
CUST00716,Female,0,1,No,No,108.4,108.93,Yes
CUST00717,Female,0,20,Yes,Fiber optic,75.27,1369.97,Yes
CUST00718,Male,0,70,No,DSL,34.65,2250.29,No
CUST00719,Male,0,57,No,DSL,74.46,4527.71,No
CUST00720,Female,0,12,No,DSL,28.79,256.31,No
CUST00721,Male,0,6,No,No,73.8,496.8,No
CUST00722,Male,0,62,Yes,Fiber optic,27.04,,No
CUST00723,Female,0,3,Yes,No,75.6,,Yes
CUST00724,Male,0,8,No,Fiber optic,77.57,560.91,Yes
CUST00725,Male,0,27,No,No,29.17,937.83,No
CUST00726,Male,1,43,Yes,DSL,95.3,4206.72,No
CUST00727,Female,0,18,Yes,No,45.9,890.81,No
CUST00728,Male,1,12,No,DSL,66.22,721.61,No
CUST00729,Female,0,52,Yes,Fiber optic,36.2,1881.16,Yes
CUST00730,Female,0,27,No,DSL,71.48,1857.09,No
CUST00731,Female,0,72,Yes,DSL,93.25,6405.37,No
CUST00732,Female,0,24,Yes,DSL,54.11,1440.69,No
CUST00733,Male,0,5,Yes,Fiber optic,60.95,265.34,No
CUST00734,Male,0,51,Yes,DSL,66.77,3328.67,No
CUST00735,Female,0,12,No,Fiber optic,42.27,604.08,Yes
CUST00736,Male,0,7,Yes,No,92.59,608.27,Yes
CUST00737,Male,1,35,No,DSL,72.38,2461.2,No
CUST00738,Male,0,72,Yes,Fiber optic,37.06,2403.34,No
CUST00739,Female,0,12,Yes,Fiber optic,82.24,959.01,Yes
CUST00740,Male,0,7,Yes,No,101.65,662.31,Yes
CUST00741,Male,0,4,Yes,DSL,80.64,309.49,Yes
CUST00742,Male,0,10,Yes,Fiber optic,66.88,612.68,No
CUST00743,Female,0,5,Yes,DSL,87.92,434.88,Yes
CUST00744,Female,0,60,No,DSL,95.67,6027.96,No
CUST00745,Female,0,10,No,DSL,83.77,901.26,Yes
CUST00746,Female,1,1,Yes,Fiber optic,85.06,94.98,No
CUST00747,Male,0,18,No,No,20.68,386.6,No
CUST00748,Male,0,11,No,DSL,65.84,,No
CUST00749,Male,1,17,Yes,Fiber optic,47.53,807.83,Yes
CUST00750,Female,1,15,Yes,DSL,65.04,849.56,No
CUST00751,Female,0,7,Yes,Fiber optic,105.95,763.8,Yes
CUST00752,Female,0,32,Yes,Fiber optic,37.0,1247.49,No
CUST00753,Male,0,26,Yes,Fiber optic,47.34,1106.38,Yes
CUST00754,Female,0,12,Yes,Fiber optic,32.04,292.01,No
CUST00755,Male,0,12,Yes,DSL,81.25,983.74,No
CUST00756,Female,0,45,Yes,Fiber optic,51.72,2266.3,No
CUST00757,Female,1,31,Yes,DSL,56.28,1862.91,No
CUST00758,Male,0,32,Yes,No,23.07,686.21,No
CUST00759,Female,1,48,Yes,No,32.2,1287.55,No
CUST00760,Male,0,51,Yes,Fiber optic,97.38,4984.35,Yes
CUST00761,Male,0,40,Yes,DSL,71.46,3149.03,No
CUST00762,Male,0,3,Yes,Fiber optic,64.0,192.7,No
CUST00763,Female,0,11,Yes,Fiber optic,108.0,1185.96,No
CUST00764,Female,0,13,No,Fiber optic,52.05,636.34,No
CUST00765,Male,0,18,Yes,No,58.81,1031.31,No
CUST00766,Female,0,14,Yes,DSL,76.03,964.19,No
CUST00767,Male,1,19,No,No,66.64,,Yes
CUST00768,Female,0,48,No,DSL,32.32,1117.57,No
CUST00769,Female,1,52,Yes,Fiber optic,60.19,3463.72,No
CUST00770,Male,0,33,Yes,No,66.82,2028.94,No
CUST00771,Male,1,0,No,No,75.5,,Yes
CUST00772,Female,0,58,No,DSL,73.37,4717.49,No
CUST00773,Female,0,16,Yes,No,46.43,633.95,No
CUST00774,Male,0,72,No,Fiber optic,89.97,7063.31,No
CUST00775,Male,0,34,No,DSL,61.9,2426.96,No
CUST00776,Female,0,48,No,No,79.63,4142.21,No
CUST00777,Male,0,2,No,DSL,70.85,147.63,No
CUST00778,Male,0,12,Yes,DSL,20.52,137.75,No
CUST00779,Male,0,5,No,Fiber optic,83.13,452.86,No
CUST00780,Female,0,0,Yes,DSL,64.44,,No
CUST00781,Male,1,59,No,DSL,76.48,4746.46,Yes
CUST00782,Female,0,47,No,No,65.56,2773.52,No
CUST00783,Female,1,57,No,Fiber optic,78.33,4017.2,No
CUST00784,Male,1,7,Yes,DSL,75.91,,No
CUST00785,Male,0,25,Yes,Fiber optic,57.05,1363.22,No
CUST00786,Female,1,6,Yes,No,76.49,440.57,Yes
CUST00787,Male,0,51,No,DSL,41.73,1731.19,No
CUST00788,Female,0,55,Yes,Fiber optic,30.74,2235.81,No
CUST00789,Male,0,10,No,Fiber optic,88.8,802.98,No
CUST00790,Male,0,4,No,Fiber optic,95.21,354.73,Yes
CUST00791,Male,1,6,No,DSL,62.79,390.8,No
CUST00792,Male,1,3,No,Fiber optic,87.31,255.89,No
CUST00793,Male,1,6,No,DSL,84.65,555.05,Yes
CUST00794,Male,0,1,Yes,Fiber optic,101.99,97.7,No
CUST00795,Male,1,8,Yes,Fiber optic,109.83,949.45,No
CUST00796,Male,0,4,No,DSL,99.29,367.35,No
CUST00797,Male,0,5,No,Fiber optic,94.13,468.8,Yes
CUST00798,Male,0,32,Yes,DSL,58.99,1742.53,No
CUST00799,Female,1,9,Yes,No,89.72,728.43,Yes
CUST00800,Male,0,12,Yes,DSL,79.84,995.42,No
CUST00801,Female,1,11,Yes,Fiber optic,76.1,830.49,Yes
CUST00802,Male,0,14,Yes,No,72.12,1127.92,No
CUST00803,Male,0,10,Yes,Fiber optic,101.62,1018.04,No
CUST00804,Male,0,6,No,Fiber optic,87.5,568.54,Yes
CUST00805,Female,0,33,Yes,DSL,37.36,1048.47,No
CUST00806,Male,1,7,Yes,DSL,98.65,659.15,Yes
CUST00807,Female,0,7,Yes,Fiber optic,64.24,433.32,No
CUST00808,Female,0,40,No,No,29.21,1076.7,No
CUST00809,Female,1,7,No,DSL,89.39,572.72,No
CUST00810,Male,0,29,Yes,Fiber optic,80.2,2296.59,No
CUST00811,Female,0,44,No,DSL,91.43,3655.39,No
CUST00812,Female,0,10,No,No,80.09,883.12,Yes
CUST00813,Female,0,16,Yes,DSL,66.07,997.36,No
CUST00814,Male,0,4,Yes,DSL,71.78,248.61,No
CUST00815,Male,0,10,Yes,DSL,82.13,747.55,No
CUST00816,Female,1,71,No,Fiber optic,60.19,4037.26,No
CUST00817,Female,0,30,Yes,Fiber optic,67.61,1768.17,Yes
CUST00818,Female,1,67,Yes,Fiber optic,77.88,5162.98,Yes
CUST00819,Female,0,72,No,No,78.06,4921.53,No
CUST00820,Female,0,9,No,Fiber optic,78.31,645.09,Yes
CUST00821,Female,0,1,No,DSL,99.8,106.52,Yes
CUST00822,Male,0,8,Yes,DSL,105.19,842.76,No
CUST00823,Female,1,66,Yes,Fiber optic,98.99,7083.48,No
CUST00824,Male,0,23,No,Fiber optic,46.1,1241.13,Yes
CUST00825,Male,0,6,Yes,No,76.12,399.63,No
CUST00826,Female,1,48,No,Fiber optic,98.9,5162.88,No
CUST00827,Male,0,4,No,DSL,63.02,285.01,No
CUST00828,Male,0,15,No,Fiber optic,62.71,825.58,No
CUST00829,Male,1,4,No,DSL,101.95,423.58,No
CUST00830,Female,1,11,No,Fiber optic,97.29,983.47,Yes
CUST00831,Female,0,8,Yes,DSL,102.36,855.16,Yes
CUST00832,Male,0,67,No,Fiber optic,64.32,,No
CUST00833,Male,0,20,Yes,DSL,52.52,980.46,No
CUST00834,Male,0,3,Yes,Fiber optic,78.03,215.56,No
CUST00835,Female,0,55,No,Fiber optic,57.95,3414.06,Yes
CUST00836,Female,0,32,No,No,75.38,2615.35,No
CUST00837,Female,0,12,No,DSL,24.47,385.53,No
CUST00838,Male,1,14,Yes,Fiber optic,39.36,502.87,No
CUST00839,Male,0,31,Yes,DSL,29.56,802.02,No
CUST00840,Female,0,8,Yes,DSL,91.53,670.15,Yes
CUST00841,Female,0,14,No,Fiber optic,26.48,498.7,No
CUST00842,Male,0,55,No,Fiber optic,23.31,1504.39,No
CUST00843,Male,0,9,No,DSL,71.12,584.75,No
CUST00844,Female,1,49,No,Fiber optic,37.17,1643.66,No
CUST00845,Female,1,7,No,Fiber optic,97.99,692.1,Yes
CUST00846,Male,0,17,Yes,Fiber optic,65.07,1087.76,Yes
CUST00847,Female,0,10,No,DSL,102.17,966.54,No
CUST00848,Male,1,8,No,Fiber optic,92.0,793.79,No
CUST00849,Female,0,71,No,No,73.86,5843.27,No
CUST00850,Female,0,10,Yes,No,72.19,649.72,Yes
CUST00851,Male,0,16,Yes,DSL,93.93,1434.93,No
CUST00852,Female,0,70,No,No,48.64,2891.21,No
CUST00853,Male,0,20,Yes,Fiber optic,72.83,1612.43,No
CUST00854,Male,0,66,No,DSL,71.72,4334.98,No
CUST00855,Male,0,4,Yes,No,68.76,251.48,No
CUST00856,Female,1,51,Yes,DSL,26.72,1431.06,No
CUST00857,Female,0,30,No,DSL,75.73,2487.12,No
CUST00858,Female,1,17,No,Fiber optic,44.93,673.45,No
CUST00859,Male,0,18,No,DSL,39.85,699.99,No
CUST00860,Female,1,0,Yes,DSL,79.48,,Yes
CUST00861,Male,0,30,No,No,96.16,3182.87,No
CUST00862,Male,0,51,Yes,No,25.39,1281.44,No
CUST00863,Female,0,2,Yes,No,81.47,178.35,Yes
CUST00864,Female,0,72,No,No,78.35,5520.13,No
CUST00865,Female,0,25,Yes,Fiber optic,95.44,2602.87,No
CUST00866,Male,1,12,Yes,Fiber optic,29.85,378.37,No
CUST00867,Female,1,15,Yes,Fiber optic,63.6,836.6,No
CUST00868,Female,1,42,No,No,87.82,3922.17,No
CUST00869,Male,0,68,Yes,DSL,89.54,,No
CUST00870,Male,0,46,Yes,No,37.22,1366.57,No
CUST00871,Female,0,29,Yes,DSL,99.45,2653.77,No
CUST00872,Female,0,71,Yes,No,55.07,3226.42,No
CUST00873,Male,0,3,Yes,Fiber optic,60.17,188.86,No
CUST00874,Female,0,5,Yes,No,103.22,482.5,Yes
CUST00875,Female,1,29,Yes,No,43.15,1456.15,No
CUST00876,Female,0,12,No,Fiber optic,90.82,982.86,No
CUST00877,Male,0,20,No,Fiber optic,38.98,738.11,No
CUST00878,Female,0,61,Yes,Fiber optic,91.28,6057.77,No
CUST00879,Male,0,20,No,DSL,54.98,923.61,No
CUST00880,Female,0,21,No,DSL,85.26,1727.57,No
CUST00881,Male,0,20,Yes,DSL,46.71,1073.81,No
CUST00882,Female,0,5,Yes,Fiber optic,70.11,318.11,Yes
CUST00883,Male,0,11,No,Fiber optic,70.28,752.27,No
CUST00884,Female,0,57,No,Fiber optic,68.51,4414.67,Yes
CUST00885,Female,0,3,No,Fiber optic,90.95,252.21,No
CUST00886,Male,0,66,Yes,Fiber optic,79.09,5549.0,Yes
CUST00887,Female,0,37,Yes,Fiber optic,94.99,3860.59,No
CUST00888,Female,0,27,No,Fiber optic,36.97,1131.53,No
CUST00889,Male,0,31,No,DSL,26.75,1035.68,No
CUST00890,Male,0,3,No,DSL,106.95,329.33,Yes
CUST00891,Male,0,20,No,DSL,43.9,998.91,No
CUST00892,Male,0,44,No,DSL,37.33,1499.26,No
CUST00893,Male,0,51,Yes,Fiber optic,55.02,,No
CUST00894,Female,0,4,Yes,No,107.68,396.8,Yes
CUST00895,Male,0,66,No,Fiber optic,77.97,4710.94,No
CUST00896,Male,1,12,No,No,55.16,590.77,Yes
CUST00897,Female,1,10,No,No,86.95,804.5,Yes
CUST00898,Male,0,56,Yes,Fiber optic,68.61,3656.38,No
CUST00899,Female,1,17,No,DSL,47.97,657.89,No
CUST00900,Male,0,36,Yes,Fiber optic,73.19,2686.53,No
CUST00901,Male,0,38,No,Fiber optic,82.66,2950.09,No
CUST00902,Male,0,39,Yes,Fiber optic,37.99,1431.43,No
CUST00903,Female,1,9,Yes,Fiber optic,65.28,622.24,Yes
CUST00904,Female,0,50,No,No,72.95,3270.03,No
CUST00905,Female,1,44,Yes,No,71.88,2736.09,No
CUST00906,Male,0,51,No,Fiber optic,21.89,1307.55,No
CUST00907,Male,0,32,No,DSL,95.82,2870.05,No
CUST00908,Male,0,52,No,Fiber optic,42.75,1957.15,Yes
CUST00909,Female,0,54,Yes,Fiber optic,28.54,1834.37,No
CUST00910,Female,0,61,No,Fiber optic,94.9,6113.12,No
CUST00911,Male,0,60,Yes,Fiber optic,97.49,5334.99,No
CUST00912,Male,0,50,No,Fiber optic,60.83,3265.61,Yes
CUST00913,Female,0,8,No,DSL,104.15,787.97,Yes
CUST00914,Female,0,60,Yes,DSL,73.21,4176.81,No
CUST00915,Female,0,56,No,No,73.36,4593.87,No
CUST00916,Female,0,0,No,Fiber optic,108.16,,Yes
CUST00917,Female,0,44,No,DSL,91.94,4062.61,No
CUST00918,Male,0,57,Yes,Fiber optic,31.84,1823.19,No
CUST00919,Male,1,57,Yes,Fiber optic,74.92,4001.05,No
CUST00920,Female,0,52,Yes,DSL,22.43,1343.23,No
CUST00921,Male,0,57,Yes,DSL,59.87,3444.88,No
CUST00922,Female,0,10,Yes,No,82.94,871.14,Yes
CUST00923,Female,0,3,No,DSL,101.18,314.76,Yes
CUST00924,Female,0,14,Yes,DSL,40.54,440.2,No
CUST00925,Female,0,61,No,DSL,91.95,5646.47,No
CUST00926,Male,0,1,No,DSL,100.39,109.52,No
CUST00927,Female,1,4,No,DSL,108.48,467.41,Yes
CUST00928,Male,0,7,Yes,No,81.6,595.82,Yes
CUST00929,Female,1,4,No,DSL,85.03,320.76,No
CUST00930,Female,0,71,No,DSL,33.36,2067.14,No
CUST00931,Male,0,61,No,No,93.64,6107.51,No
CUST00932,Female,0,56,No,DSL,67.74,3497.29,No
CUST00933,Male,1,29,No,No,63.99,2037.42,No
CUST00934,Male,0,49,Yes,No,93.83,4262.4,No
CUST00935,Male,0,69,Yes,No,98.79,7026.35,No
CUST00936,Male,0,10,Yes,Fiber optic,94.66,893.08,No
CUST00937,Male,0,45,No,No,54.51,2762.42,No
CUST00938,Female,0,41,No,Fiber optic,69.78,3001.5,No
CUST00939,Male,0,9,Yes,DSL,83.84,774.44,Yes
CUST00940,Male,0,22,Yes,DSL,91.53,2051.0,No
CUST00941,Male,0,3,Yes,DSL,107.86,,Yes
CUST00942,Male,0,35,Yes,DSL,99.53,3581.26,No
CUST00943,Male,1,22,No,No,26.93,678.38,No
CUST00944,Female,0,36,Yes,No,96.57,3316.88,No
CUST00945,Female,0,35,No,DSL,51.14,1483.45,No
CUST00946,Male,0,5,No,DSL,102.5,479.77,Yes
CUST00947,Male,0,12,No,Fiber optic,84.01,1043.01,No
CUST00948,Male,0,41,No,Fiber optic,23.15,1185.81,No
CUST00949,Female,1,18,No,No,61.7,1055.65,No
CUST00950,Female,0,11,No,DSL,103.34,1160.85,Yes
CUST00951,Female,0,15,Yes,DSL,43.48,539.09,No
CUST00952,Male,0,26,No,DSL,77.69,1911.29,No
CUST00953,Female,0,7,No,DSL,106.54,699.78,No
CUST00954,Male,0,29,Yes,DSL,62.72,1694.47,No
CUST00955,Female,0,53,No,DSL,41.8,2228.99,No
CUST00956,Female,1,61,Yes,Fiber optic,40.08,2588.18,Yes
CUST00957,Female,0,7,Yes,Fiber optic,94.8,706.27,No
CUST00958,Female,0,16,No,Fiber optic,87.03,1412.77,No
CUST00959,Female,0,51,No,Fiber optic,84.98,4644.9,No
CUST00960,Female,0,66,Yes,Fiber optic,20.71,1976.24,No
CUST00961,Female,0,20,Yes,DSL,39.03,813.0,No
CUST00962,Female,0,1,Yes,Fiber optic,70.24,66.34,No
CUST00963,Male,1,34,Yes,Fiber optic,33.34,921.71,Yes
CUST00964,Female,1,0,No,No,106.54,,Yes
CUST00965,Female,0,4,Yes,Fiber optic,75.52,307.55,Yes
CUST00966,Female,1,60,Yes,DSL,60.87,4029.06,Yes
CUST00967,Male,0,62,No,DSL,52.96,2981.03,No
CUST00968,Female,0,10,Yes,No,98.83,1087.24,No
CUST00969,Female,0,37,No,Fiber optic,41.11,1492.33,No
CUST00970,Female,0,29,Yes,No,81.69,2653.0,No
CUST00971,Male,1,7,No,Fiber optic,94.1,599.66,Yes
CUST00972,Male,0,66,No,No,43.79,2569.75,No
CUST00973,Male,0,27,No,DSL,51.67,1157.92,No
CUST00974,Female,0,5,Yes,DSL,106.06,567.1,No
CUST00975,Female,0,71,No,No,25.76,2247.42,No
CUST00976,Female,0,24,Yes,DSL,74.99,1693.2,No
CUST00977,Female,0,51,Yes,Fiber optic,51.74,2213.82,No
CUST00978,Male,0,1,No,DSL,66.19,65.7,No
CUST00979,Male,0,35,No,No,96.66,3634.27,No
CUST00980,Female,0,15,Yes,No,60.5,772.69,No
CUST00981,Female,0,15,Yes,DSL,68.92,1157.69,No
CUST00982,Male,0,34,No,No,49.13,1458.72,No
CUST00983,Male,0,3,No,Fiber optic,93.95,259.22,Yes
CUST00984,Male,0,38,Yes,No,47.18,1790.0,No
CUST00985,Female,0,9,Yes,Fiber optic,106.52,910.67,No
CUST00986,Female,0,6,No,DSL,87.56,541.14,No
CUST00987,Male,0,8,No,DSL,68.1,575.15,No
CUST00988,Male,0,4,Yes,DSL,92.21,357.96,No
CUST00989,Male,0,7,No,Fiber optic,86.44,655.31,Yes
CUST00990,Female,0,3,Yes,Fiber optic,96.75,288.27,Yes
CUST00991,Male,0,48,No,DSL,74.05,3159.67,No
CUST00992,Male,0,16,No,Fiber optic,45.77,755.39,No
CUST00993,Female,1,49,Yes,No,46.43,2175.28,No
CUST00994,Male,0,0,Yes,Fiber optic,103.37,,No
CUST00995,Male,0,52,Yes,DSL,33.69,1851.06,No
CUST00996,Male,0,22,Yes,DSL,32.1,,No
CUST00997,Male,0,56,No,No,81.54,4818.8,No
CUST00998,Female,0,12,No,DSL,47.8,501.1,No
CUST00999,Male,1,33,No,Fiber optic,49.11,1332.52,Yes
CUST01000,Female,0,53,Yes,No,69.78,3511.55,No
